[{"URL": "https://in.indeed.com/viewjob?jk=b09e81b1fb25c534", "Title": "Mechanical Design Engineer ( 5-7 years Experience)", "Location: ": "Pune, Maharashtra", "Company Name: ": "Zeus Numerix Pvt Ltd", "Details: ": "Skills requiredDesign of components for hydraulics & it's calculationsGood experience in designing complex mechanical assemblies with engineering principles.Experience in using CAD Software like Solidworks and CatiaKnowledge in product development process / cyclePreferred skillsKnowledge of GD&T, DFMEA ,Tolerance Stack-up Analysis for Part and Assembly LevelBasic manufacturing processes of mechanical assemblies.Tolerance Stack-up Analysis for Part and Assembly LevelProficient in CAD modeling in Solidwork & able to prepare 3D layouts & 2D drawings.Roles & ResponsibilitiesDesign & drafting of mechanical parts based on inputs and experience (existing product & new development projects)Design of test fixtures and prove the concept design.Participate in interactions with all levels of personnel with different teams.Soft skills requiredExcellent interpersonal and written communication skills in English.Professionalism and team work.Job Types: Full-time, Regular / PermanentSalary: \u20b940,000.00 - \u20b950,000.00 per monthSchedule:Monday to FridaySupplemental Pay:Yearly bonusEducation:Bachelor's (Required)Experience:total work: 5 years (Required)Work Remotely:No", "Salary": "Not given"}, {"URL": "https://in.indeed.com/viewjob?jk=bbbc91d6659e5941", "Title": "Mechanical Engineer", "Location: ": "Bengaluru, Karnataka", "Company Name: ": "Siemens Gamesa Renewable Energy260 s", "Details: ": "It takes the brightest minds to be a technology leader. It takes imagination to create green energy for the generations to come. At Siemens Gamesa we make real what matters, join our global team.\nDesign & development of wind turbine mechanical components from concept to serial production meeting standards & design requirements.\nDesign & development of wind turbine mechanical components from concept to serial production, meeting standards & design requirements for functionality, robustness, cost effectiveness etc.\nWell versed in New Product Design & Development processes.\nHighly skilled in 3D/2D CAD design using NX.\nExperience in design of bolted and welded sheet metal constructions.\nOwnership to ensure quality of deliverables & focus on continuous improvement.\nGood knowledge of FMEA and risk assessments.\nAbility to specify realistic tolerances using GPS/GD&T.\nExposure to International standards on safety and mechanical design.\nOperate with an Innovative mindset and customer focus to deliver value.\nExcellent interpersonal, presentation & communication skills, with ability to successfully deliver technical solutions in alignment with cross functional stakeholders.\nStrong problem-solving attitude.\nExcellent personal organization, ability to prioritize and carry out multiple tasks.\nSiemens Gamesa is an equal opportunity employer and maintains a work environment that is free from discrimination and where employees are treated with dignity and respect. Employment at Siemens Gamesa is based solely on an individual's merit and qualifications, which are directly related to job competence. Siemens Gamesa does not discriminate against any employee or job applicant on the basis of race, ethnicity, nationality, ancestry, genetic information, citizenship, religion, age, gender, gender identity/expression, sexual orientation, pregnancy, marital status, disability or any other characteristic protected by applicable laws, rules or regulations. We adhere to these principles in all aspects of employment, including recruiting, hiring, training, compensation, promotion and benefits.\nWe are driven by people - from more than 100 different countries, they build the company we are every day. Our diverse and inclusive culture encourages us to think outside the box, speak without fear, and be bold. We value the flexibility that our smart-working arrangements, our digital disconnection framework and our family-friendly practices bring to the new way of working.", "Salary": "Not given"}, {"URL": "https://in.indeed.com/viewjob?jk=4504dcd515f86b94", "Title": "Mechanical Engineer (Freelance)", "Location: ": "Noida, Uttar PradeshRemote", "Company Name: ": "Growth Guide", "Details: ": "We are looking for Mechanical Engineers who can work with us on a Freelance basis on academic-related projects. These projects will include BTech thesis preparation, MTech thesis analysis, etc. The candidates are required to have good knowledge on their subject of specialisation and zeal to dig in deep and do extraordinary research.Job Types: Part-time, FreelanceSalary: \u20b910,000.00 - \u20b915,000.00 per monthBenefits:Work from homeSchedule:Flexible shiftSupplemental Pay:Performance bonusWork Remotely:Yes", "Salary": "Not given"}, {"URL": "https://in.indeed.com/viewjob?jk=486997fae55af28c", "Title": "Graduate/Diploma Engineer Trainee", "Location: ": "Dadri, Uttar Pradesh", "Company Name: ": "Anjani Technoplast12 s", "Details: ": "Why Join Us\nAnjani has grown multifold since its humble beginnings, the company and its employees always challenging the status quo.At Anjani, we value each of our employees for their unique set of skills and experience that they bring to the organization. We seek employees that are looking for challenging and meaningful work and push themselves for extra-ordinary results. Make a move, change the game!\nProduction department; Mechanical engineers only", "Salary": "Not given"}, {"URL": "https://in.indeed.com/viewjob?jk=3a1bd5f1ecc94706", "Title": "Mechanical Design Engineer", "Location: ": "Noida, Uttar Pradesh", "Company Name: ": "VR Career Solutions Pvt Ltd", "Details: ": "Candidate should have a working experience in solid worksApplication software skills- solidworks softwareshould be well familiar with designing SPM machines and its component and parts calculation based on zero fault.good knowledge and experience in developement of SPMs, press machime, conveyor, semi auto and fully automatic assembly lines.strong in process and machine design principles and automation skills.develop 3d @d drawing of indivisual assemblies.ability to generate bills of material for machined components.Job Types: Full-time, Regular / PermanentSalary: \u20b918,000.00 - \u20b925,000.00 per monthSchedule:Day shiftCOVID-19 considerations:yesExperience:machenical design engineer: 1 year (Preferred)Work Remotely:No", "Salary": "Not given"}, {"URL": "https://in.indeed.com/viewjob?jk=ccfbf3411d859b51", "Title": "Quality Engineer", "Location: ": "Chandigarh, Chandigarh", "Company Name: ": "Cine City Photo Equipments Pvt Ltd", "Details: ": "CCPE Group is Asia\u2019s leading exporter of Camera and Cinematographic Equipment and Accessories. Our Product Brands are today recognized across 75 countries in 6 continents delivering the highest quality of specialized filmmaking products to the global market.We are in this business for the past 15 years, we have garnered the full benefits of the Internet and e-commerce through various online marketplaces and our own websites. The presence of our products cuts across the entire globe, with a major concentration in North America and Europe which led us to open our offices in Belgium, Europe, and Vancouver, Canada.Job ProfileWe are hiring for the post of Quality Engineer. Successful applicants would get a Full-Time job along with further growth opportunities within the company.Here\u2019s what you\u2019ll need to be successfulResponsible for the timely delivery of projects.Performing routine inspections and quality tests.Identifying and resolving workflow and production issues.Ensuring that standards and safety regulations are observed.Preparing and implementing quality assurance policies and procedures.Addressing and discussing issues and proposed solutions with superiors.Must be Diploma/ B.Tech (Mechanical Engineering)Experience required 5 to 7 years in the same profile.Job Type: Full-timeSalary: \u20b920,000.00 - \u20b930,000.00 per monthSchedule:Day shiftEducation:Bachelor's (Preferred)Experience:total work: 3 years (Preferred)Quality management: 3 years (Required)Work Remotely:No", "Salary": "Not given"}, {"URL": "https://in.indeed.com/viewjob?jk=e25d3f8d75087a0a", "Title": "Mechanical Engineer Level II", "Location: ": "Kolkata, West Bengal", "Company Name: ": "Worley2,068 s", "Details: ": "Company : Worley\nPrimary Location\n: IND-WB-Kolkata\nJob\n: Mechanical\nSchedule\n: Full-time\nEmployment Type : Employee\nJob Level : Experienced\nJob Posting\n: Jan 12, 2022\nUnposting Date\n: Jan 14, 2022\nReporting Manager Title : Discipline Manager - Mechanical\n:\n48,000 people. 49 countries. Over 120 office locations.\n\nWe\u2019re not just engineers. We\u2019re a global team of data scientists, consultants, construction workers and innovators all working to create a better tomorrow. Every day, we help customers in energy, chemicals and resources get one step closer to solving our planet\u2019s toughest issues. Climate change. The energy transition. Digital transformation. And how we can deliver a more sustainable world.\nWhatever your ambition, there\u2019s a path for you here. And there\u2019s no barrier to your potential career success. For more information, visit Worley.com\nPurpose\nYou will provide mechanical engineering services to Worley, and its Customers and may provide technical support and supervision within the mechanical team.\nResponsibilities\nDeliver mechanical engineering services that meet Worley, its customers and applicable statutory and regulatory specifications, on time and within budget.\nPerform mechanical engineering services such as:\nidentify and report changes to project scope;\nassist with the preparation of proposals, estimates, budgets and schedules;\nprovide assistance during procurement, construction and commissioning activities. For example, write requisitions, conduct technical bid evaluations and write purchase orders;\ncontribute to appropriate studies, analyses and recommend actions;\nassist with the preparation of detailed designs and drawings, specifications, data, calculations and reports.\nKeep up-to-date with the latest developments and technical innovations in mechanical engineering.\nIf required, assist and support junior personnel within the mechanical engineering team.\nCommunicate effectively with the mechanical engineering team and project stakeholders, including the Customer.\nIdentify issues and problems, develop appropriate solutions, and ask for assistance when required.\nWhat you will bring\nTechnical and Industry Experience\nEffective technical and practical engineering skills and ability to consistently deliver quality, accurate and timely work to Worley and its customers.\nA good working knowledge of the fundamental requirements of mechanical engineering, and the basic requirements of other engineering fields.\nA good working knowledge of applicable local and international standards and statutory and regulatory specifications.\nCompetent use of mechanical engineering specific software and relevant software such as MS Office Suite\nEngineering experience in the same or similar industry, and developing leadership skills.\nSome job site or factory experience\nEducation \u2013 Qualifications, Accreditation, Training\nRequired:\nA recognized degree in the relevant engineering discipline or equivalent.\nPreferred:\nChartered Professional Engineer (CPEng) status.\nWhat we offer you Providing our people with an agile culture and challenging work opportunities results in a positive work environment. Our people enjoy competitive compensation packages and a fun, personal, collaborative and safe working environment. We value equal employment opportunity and are committed to promoting fairness, equality and diversity. Our policy is to conduct background checks for all candidates who accept an offer of employment with us. If you have the passion and talent to keep up, it's time to test the limits of what you can become. Find your future with Worley.", "Salary": "Not given"}, {"URL": "https://in.indeed.com/viewjob?jk=97a7a721e3452a11", "Title": "Mechanical engineer", "Location: ": "Vadodara, Gujarat", "Company Name: ": "Ankur Scientific Energy Technologies7 s", "Details: ": "Job Summary\n\nCandidate with a minimum design office experience of at least 5 years.\nIn addition to strong design capability, ability /past experience in guiding / leading a small team of design engineers and d\u2019men will be preferred.\nAbility to support innovative product development through creative design inputs is a critical part of the job.\nGood team player, Strong team orientation & leadership qualities, hardworking and enthusiastic\n\nExperience:5 Years\nJob Type : Full Time", "Salary": "Not given"}, {"URL": "https://in.indeed.com/viewjob?jk=629f854afe1823b8", "Title": "Mechanical Design Engineer", "Location: ": "Chennai, Tamil Nadu", "Company Name: ": "Mahindra & Mahindra Ltd.1,203 s", "Details: ": "Date: 13-Jan-2022\nLocation: Chennai\nCompany: Mahindra & Mahindra Limited\nFunctional Competencies / Skills critical for the job\n\n> Experience transitioning products from paper to production\n> Strong understanding of engineering fundamentals and ability to apply them towards design and manufacturing process development\n> Proficient in parametric CAD modelling, CATIA V5 experience is mandatory\n> Proficient in PDM software specifically, Teamcenter\n> Very good knowledge on Engineering Materials specifically, metals (aluminium, mild to ultra-high- strength steel). Knowledge of composite materials is plus\n> Very good knowledge on metal stamping, casting, plastic injection moulding and joining technology\n> Good knowledge of Design Quality Assurance (DQA) and its major elements such as Benchmarking, Design Concept Sheet (DCS), GD&T, DFMEA, DFMA, DFSS, DFS&R, DVP&R etc.\n> Good knowledge of various surace coating methods\n> Very good knowledge in problem/troubleshooting techniques (8D, FTA) experience and design process auditing capability\n> Basic knowledge of Finite Element Analysis\n> Good knowledge of Battery Electric Vehicle\n> Very well versed with Industrial Standards both voluntary (SAE, ISO, IEC etc.) and mandatory standards (AIS, FMVSS, UN, VDA, GB etc.)\n> Good knowledge of IATF16949/Quality Management Systems (ISO 9001:2015) and internal auditor as of plus\n> Basic knowledge of E&E systems and its architecture, electronic components and its function, and electrical cable routing in CAD\n\nResponsibilities & Key Deliverables\n\nResponsible: Benchmarking, preparation of mechanical system and subsystems design concept prepartion and it's trade-off, mechanical design of Chassis System Parts/ systems like Steering, Brakes, Axles, Suspensions & Chassis Frame for a tyical BEV , e-3W. He should have good understanding of internal packaging, integration, detailed design (2D and 3D CAD) preparation by adhering to DQA (DCS, GD&T, DFMEA, DFMA, DFSS, DFS&R, DVP&R etc.), internal & external standards and customer requirements.\nHe/she will be working for the following four major areas,\n1. 3Wheeler platform projects: Chassis, suspension, brakes, steering, Axles, etc.\n2. Quadricycle Platform Projects: DAC complete\n2. Special Projects : Mechanical Structural design for DAC based on the project scope\nKey Deliverables:\n> Preparation of concepts and detail parametric design (parts and assemblies) in CATIA V5 for Exterior and Interior parts with a special emphasis on the BIW parts for a typical BEV ; in a complex packaging environment from predevelopment to series development phase\n> Evaluate, balance and trade-off the design concepts for the attributes such as DFA, DFS, cost, quality and time line\n> Interface and DMU analysis, generate a report and seamless coordination with internal and external stakeholders to resolve packaging and integration challenges\n> Preparation, review, control and monitor Design Quality Assurance (DQA) documents and its major elements such as Benchmarking, Design Concept Sheet (DCS), GD&T, DFMEA, DFMA, DFSS, DFS&R, DVP&R etc.\nGeneral Competencies\n\n> Should be able to lead a team of three to four engineers on BIW Projects related to Interior & Exteriors for typical BEVs/ 3W/ Microcar,etc.\n> Exceptional capacity for managing simultaneous activities, challenges, self-managed and committed to working in a fast-paced environment.\n> Must have the ability to work quickly while maintaining a high level of craftsmanship and attention to detail\n> The structured way of working, and good documentation skills\n> Team work spirit, positive attitude and self-motivated\n> Self-drive, result oriented and flexible\n> Must be reliable, have good initiative, committed, and quality focused\n> In order to support the mechanical design and integration team, the candidate needs also to be willing to quickly learn some of the areas in which he doesn\u2019t have experience\nGeneral Requirements\n\n> Exemplary verbal and written communication skills\n> Strong skills in Microsoft Word, Excel, PowerPoint and Outlook\n\nExperience\n\n7+ Years\n\nIndustry Preferred\n\nAutomotive\n\nQualifications\n\nBE/ME in Mechanical Engineering\n\nJob Segment: Manufacturing Engineer, Engineer, Design Engineer, Mechanical Engineer, Electrical, Engineering", "Salary": "Not given"}, {"URL": "https://in.indeed.com/viewjob?jk=7a6ec415011820bd", "Title": "Field Service Engineer - DG sets", "Location: ": "Patna, Bihar", "Company Name: ": "FOMENT NS", "Details: ": "1. Positions are available in Delhi, Lucknow, Varanasi, Meerut, Bareilly, Dehradun, Guwahati, Dimapur, Aizwal, Itanagar, Imphal, Kolkata, Patna, Raipur, Bhubaneshwar, Indore, Hyderabad and Pune.2. Candidate should have at least 5 years of hands on experience in servicing of Diesel Generator sets ranging from 10 kVA to 250 kVA. Handling Telecom clients is an added advantage.3. Thorough knowledge and hands-on experience of Installation & Commissioning, trouble shooting techniques, Breakdown Maintenance, Routine Maintenance, top & major Overhaulings etc.4. Knowledge of electrical components, AMF Panels / GCU, alternators, Power plant etc is must.5. Strict adherence to SLAs6. Good co-ordination with all concerned stake holders for timely completion of work7. Good communication skills (verbal & written) and ability to work on e-mails, MS Office etc. is an added advantage8. Degree / Diploma in Mechanical / Electrical / Electrical & Communications is MUSTJob Types: Full-time, Regular / PermanentSalary: \u20b925,000.00 - \u20b930,000.00 per monthBenefits:Cell phone reimbursementCommuter assistanceFood allowanceHealth insuranceInternet reimbursementLife insurancePaid sick timePaid time offProvident FundSchedule:Day shiftSupplemental Pay:Performance bonusEducation:Bachelor's (Preferred)Experience:total work: 5 years (Preferred)Work Remotely:No", "Salary": "Not given"}, {"URL": "https://in.indeed.com/viewjob?jk=e31b9f8e8da13c9e", "Title": "Design Engineer (Mechanical)", "Location: ": "Pune, Maharashtra", "Company Name: ": "BUNTY ENTERPRISES", "Details: ": "Position and its roleDesign new concept of Fixtures - Welding fixtures, holding fixtures, Checking fixtures.Able to design independently.Knowledge of Press tool will be added advantage.Prepare manufacturing drawing of designed fixtures and tool.Applies knowledge of GD&T and manufacturing to ensure designed tool's Functionality.Having depth knowledge of manufacturing process.Knowledge of Catia surfacing is must.Responsibilities and DutiesDesign fixture concepts independently.Create manufacturing drawing, assembly, Part modeling as per requirement.Understand customer requirement and perform modification.Co-ordinate with internal and external customer.Experience : 3 to 5 yearsEducation : Diploma/ B.E.Job Type: Full-timeJob Types: Full-time, Regular / PermanentSalary: \u20b9300,000.00 - \u20b9420,000.00 per yearSchedule:Day shiftEducation:Diploma (Preferred)Experience:Catia software: 3 years (Required)fixture designing: 3 years (Preferred)Work Remotely:No", "Salary": "Not given"}, {"URL": "https://in.indeed.com/viewjob?jk=755cac59654d641b", "Title": "Mechanical Design Engineer \u2013 PT", "Location: ": "Vadodara, Gujarat", "Company Name: ": "Hitachi Energy9 s", "Details: ": "At Hitachi Energy our purpose is advancing a sustainable energy future for all. We bring power to our homes, schools, hospitals and factories. Join us and work with fantastic people, while learning and developing yourself on projects that have a real impact to our communities and society. Bring your passion, bring your energy, and be part of a global team that appreciates a simple truth: Diversity + Collaboration = Great Innovation\nYour responsibilities\nRoles and Responsibility:\nThe success candidate will be the part of an International Design and Engineering Team specialized in Power Transformer design covering different countries.\nPreparation of General Arrangement, Bill of materials and submission to customer as per project schedule.\nResponsible for development of Power Transformer mechanical order and tender designs in coordination with the Market and Sales Strategy to meet the market needs.\nResponsible for development of various application transformers designs in coordination with global Hitachi ABB factory based on the purchase order requirements, ordering specification in different areas of transformer Mechanical design\nCoordinating design activities within a worldwide factories network.\nParticipation in internal design concept reviews.\nStaff with the Global Design Team:\nYou will be part of a Global Engineering Center team and your task is to contribute to the global design work with positive team atmosphere and networking.\nYour background\nQualification, Knowledge and Experience:\nGraduate in Mechanical Engineering.\n2-7 years\u2019 experience working in Mechanical design for Power Transformers manufacturing industry. Candidates with higher experience also to be considered.\nExperience in Customer drawings,\nKnowledge on CAD software, 3D Modeling software - Creo is considered an advantage\nExperience on Microsoft office and tools.\nSkills:\nGood communication skills in English Language in oral and written form.\nAbility to speak with and work together with the technical teams in different parts of the world.\nDemonstrated team building skills, would be a preference.\nPersonal Characteristics:\nGood verbal and written English is Must\nOrganised and thorough.\nA team player, open with information and willingly contributes to team discussions with an ability to work without supervision when required.\nQuick learner with ability to master new areas\nAdditional languages knowledge is considered an advantage.\nMore about us\nHitachi Energy is a global technology leader that is advancing a sustainable energy future for all. We serve customers in the utility, industry and infrastructure sectors with innovative solutions and services across the value chain. Together with customers and partners, we pioneer technologies and enable the digital transformation required to accelerate the energy transition towards a carbon-neutral future. We are advancing the world\u2019s energy system to become more sustainable, flexible and secure whilst balancing social, environmental and economic value. Hitachi Energy has a proven track record and unparalleled installed base in more than 140 countries. Headquartered in Switzerland, we employ around 38,000 people in 90 countries and generate business volumes of approximately $10 billion USD. www.hitachienergy.com\nPublication date\n2022-01-13\nReference Number\nIN52436550_E1\nBasic Info\n\nLocation Vadodara, Gujarat, India\n\nJob type Full-Time\n\nContract Regular/Permanent", "Salary": "Not given"}, {"URL": "https://in.indeed.com/viewjob?jk=37e504cb2bfda197", "Title": "Engineer- Vehicle Development", "Location: ": "Chennai, Tamil Nadu", "Company Name: ": "Mahindra & Mahindra Ltd.1,203 s", "Details: ": "Date: 12-Jan-2022\nLocation: Chennai\nCompany: Mahindra & Mahindra Limited\nResponsibilities & Key Deliverables\n\nBenchmarking and Target setting- vehicle and system level.\nEstablish system performance targets from vehicle level target.\nCo-relate between project requirements and system deliverables.\nPrepare development timeline & Identify bottlenecks and activities critical for project timely delivery.\nCarrying out Ride and Handling activities- damper tuning, Steering tuning and tyre tuning\nEnd-to-end planning of tuning activities- tuning components, spares, tunig van, supplier availability, track booking, support resources.\nSubjective evaluations and report preparation.\nObjective measurements, data analysis & intepretation and report generation.\nHandling and setup of instruments.\nGeneration of Standard procedure for subjective evaluation and testing.\nCarrying out vehicle level K&C, data verification and intepretation.\n\nExperience\n2 to 4 Years\n\nIndustry Preferred\n\nAny other OEM, or any tier 1 supplier (like damper supplier, tyre supplier) with development experience.\n\nQualifications\n\nBE/BTech/ME/MTech Mechanical Engineering\nBE/BTech/ME/MTech Automobile engineering\n4 Wheeler driving skill and Government approved driving licence is mandatory\n\nFunctional Competency\n\nShould have good driving and vehicle evaluation skills.\nAbility to notice minute differences in vehicle performances with small changes.\nKnowledge of handling instruments like RT- sensor, chistler steering and communication tools like garuda, Vector CANape\nExposure to functioning of Chassis, Suspension, Steering and tyres\nBasic knowledge of other vehicle systems\n\nGeneral Requirements\n\n\nJob Segment: Engineer, Mechanical Engineer, Engineering, Automotive", "Salary": "Not given"}, {"URL": "https://in.indeed.com/viewjob?jk=63acab8aaf97983e", "Title": "Design Engineer (Mechanical)", "Location: ": "Chennai, Tamil Nadu", "Company Name: ": "Shivpad Engineers Pvt Ltd subsidiary of Jash Engineering", "Details: ": "Job descriptionAbility to Read & Understand CAD drawings.Preparation of CAD Drawings [2D & 3D] with BOM & other supporting documents.Should have basic knowledge in Engineering Mechanics & Strength of Materials.Should be able to work in Solid Works.Should have good Analytical skillsShould be an Enthusiastic worker in team.\u00b7 AutoCAD 2d (drafting analysis).(creo/parametric) or pro-e.Solid works (Part Modelling, Assembling & Detailing)Designing water Treatment plant and Fabrication Designs.Civil Diagrams and Skid Panel With Standard DesignsSoftware used Autocad Drafting with 3D Modelling Software.\u00b7Design and Equipments are Based on Metal of Construction.\u00b7Project Design and (Bill of Material) With Technical Instruction .\u00b7Re-Modification of Dimensions and change of Plan according to the projects\u00b7Qualifications and SkillsBE (Mechanical)/ Diploma (Mechanical)BenefitsJob Type: Full-timeSalary: \u20b920,000.00 to \u20b925,000.00 /month CTCPFMediclaimPAJob Types: Full-time, Regular / PermanentSalary: Up to \u20b925,000.00 per monthBenefits:Health insuranceProvident FundEducation:Bachelor's (Preferred)Experience:total work: 2 years (Preferred)Work Remotely:No", "Salary": "Not given"}, {"URL": "https://in.indeed.com/viewjob?jk=038df46c708fa509", "Title": "R&D Associate Engineer-Mechanical Design", "Location: ": "Vadodara, Gujarat", "Company Name: ": "Hitachi Energy9 s", "Details: ": "At Hitachi Energy our purpose is advancing a sustainable energy future for all. We bring power to our homes, schools, hospitals and factories. Join us and work with fantastic people, while learning and developing yourself on projects that have a real impact to our communities and society. Bring your passion, bring your energy, and be part of a global team that appreciates a simple truth: Diversity + Collaboration = Great Innovation\nYour responsibilities\nDemonstrate knowledge in advanced high-end CAD software Creo.\nExperience in CAD automation, parametric modeling would be an advantage.\nExposure to Product data management (PDM)/ Product Lifecycle Management (PLM) tool Windchill\nKnowledge on Geometric Dimensioning & Tolerancing (GD&T), Tolerance Stack up Analysis, Design for Assembly and Manufacturing.\nEvaluates, selects, and applies standard techniques and procedures while preparing manufacturing & assembly drawings\nBill of materials preparation, manufacturing & assembly drawing.\nAs a part of job, shall effectively interact and coordinate with Product owners, Suppliers & Engineering teams located globally\nYour background\nB.E. (Mechanical)\nWorking in engineering of electrical products such as transformers, Insulators, Bushings\nWorking Experience with 3D modelling for complex assembly and production using tools like CREO (3 to 5 years) is must\nDrafting & Detailing (2D) experience is must\nExperience in handling projects in PLM/PDM.\nKnowledge of relevant international standards (ANSI, ASME)\nPerson should be pro-active, with high enthusiasm\nGood communication skills\nShould be able to work in a global environment\nExcellent Interpersonal Skills\nOpen minded and Positive Attitude\nMore about us\nHitachi Energy is a global technology leader that is advancing a sustainable energy future for all. We serve customers in the utility, industry and infrastructure sectors with innovative solutions and services across the value chain. Together with customers and partners, we pioneer technologies and enable the digital transformation required to accelerate the energy transition towards a carbon-neutral future. We are advancing the world\u2019s energy system to become more sustainable, flexible and secure whilst balancing social, environmental and economic value. Hitachi Energy has a proven track record and unparalleled installed base in more than 140 countries. Headquartered in Switzerland, we employ around 38,000 people in 90 countries and generate business volumes of approximately $10 billion USD. www.hitachienergy.com\nPublication date\n2022-01-13\nReference Number\nIN52505246_E1\nBasic Info\n\nLocation Vadodara, Gujarat, India\n\nJob type Full-Time\n\nContract Regular/Permanent", "Salary": "Not given"}, {"URL": "https://in.indeed.com/viewjob?jk=cd2813f7527eca01", "Title": "Engineer - Mechanical Component", "Location: ": "Vadodara, Gujarat", "Company Name: ": "GE Renewable Energy102 s", "Details: ": "Job Description Summary\nThe Engineer demonstrates leadership in communicating business goals, programs, and processes for an area or business segment. In this role you will utilize your experience or expertise to solve problems, develop and execute objectives for self and others, and have the ability to effect short-term and some long-term business goals.\nYou will be responsible to drive technical excellence and continuous improvement in the design, cost and reliability of the assigned task.\nJob Description\nRoles and Responsibilities\nBasic design & calculation of hydro Turbine component for hydroelectric power station projects.\n Responsible to generate, verify and control of project specific design drawings, specs, Installation, O&M instructions, and other technical documents required to source, manufacture, test, install or maintain the units by applying GE and industry processes and standards.\nResponsible for analyzing qualitative and quantitative technical and commercial information on the project, including technical specifications, proposals, reference designs, and other sources of information necessary for the preparation of the project to comply with such requirements;\nSupport manufacturing, sourcing and field support with issue resolution and quick corrective actions for design related causes (NCR, SDR); Drive quick, complete technical root cause analysis of field failures and identify design related corrective actions to prevent recurrence;\nIdentify and execute cost saving ideas and strategies;\nPrioritize, plan and execute tasks when executing own work packages for multiple projects in parallel;\nEnsure the realization of informal and formal Design Reviews.\nParticipate as a presenter or reviewer in technical and program reviews\nSupport standardization actions in relation with Sourcing department and suppliers\nSupport project teams in front of their customers, suppliers, partners, \u2026\nAnalyze suppliers offers and drive technical clarifications.\nRequired Qualifications\nBachelor Degree in Mechanical Engineering from an accredited university or college\nAt least 3 years of strong experience on design of hydro turbine/Pumps. Managed projects as main designer with responsibility of basic design, calculation & review of detailed drawings in past organization.\nFluent in written and spoken English\nHigh level of Competency in Analytical calculation.\nAdditional experience in design of Auxiliary, piping, tool NX, AutoCAD will be preferred.\nFemale candidate only\nDesired Characteristics\nStrong technical aptitude, including analytical calculations, applicable engineering tools and systems;\nStrong oral and written communication skills;\nStrong interpersonal and leadership skills;\nAbility to coordinate several projects simultaneously.\nAbility to influence others and lead small teams\nGood planning and organizational skills;\nEffective problem identification and solution skills\nExperience working with suppliers, OEMs or customers;\nPassion to contribute for innovative solutions, cost-out actions and process improvement;\nAbility to work in a global matrix team environment;.\nNote:\nAdditional Information\nRelocation Assistance Provided: Yes", "Salary": "Not given"}, {"URL": "https://in.indeed.com/viewjob?jk=1b0ec017d0a6b6e9", "Title": "Virtual Manufacturing Engineer (VME)", "Location: ": "Bengaluru, KarnatakaRemote", "Company Name: ": "Volvo Group1,683 s", "Details: ": "India\nPosition Description\nVirtual Manufacturing Engineer (VME)\nIndia\nGroup Trucks Operations\n\nPosition Description\nThe department of Quality & Engineering, Bangalore is part of global function Group Trucks Operations (GTO) that develops product and process solutions, leading to operational excellence. Q&E Bangalore department consists of Technical Preparation Engineers (TPEs), Software Process Controllers (SWPC), Virtual Manufacturing Engineers (VME) and Diagnostic Engineering & Test Developers (DETD).\n\nWe are delivering manufacturing engineering solutions to product projects for different truck product classes within Volvo group. It\u2019s a place where we continuously learn vehicle and manufacturing technologies.\n\nDo you want to be a part of the transition to sustainable products? Do you have strong experience of \u2018Virtual Manufacturing Simulation and Engineering\u2019 during Product Development or Production phases?\nIn today\u2019s automotive industries, the amount of virtual simulations, analysis and verifications are increasing during vehicle design and production phases. And it\u2019s a challenge to secure an excellent pro-active quality at the production line by virtually visualizing the production processes and also to identify opportunities to optimize production processes.\nWe are now looking for a Virtual Manufacturing Engineer (VME) who will develop manufacturing process plans based on plant assembly graphs & resources, perform Assembly Digital Mock Up (ADMU) simulations and support Virtual Build Process reviews to help Manufacturing Engineering community. You will be located at Bangalore office and will be performing VME activities for different truck product classes.\nYou will be responsible for the creation of process plans for different plants using PPR (product, process and resources) approach, you will work closely with colleagues from production plants and manufacturing engineering. With the virtual simulations, analysis and verifications you will recommend the optimized and efficient processes, tools and methods to the manufacturing community. That means you are an important person to increase efficiency in manufacturing processes during the trucks production.\n\nWith a strong collaboration with manufacturing and product development teams, you will be responsible to:\nDevelop Product and Process data preparation in Virtual Manufacturing systems\nPerform Assembly Digital Mock Up (ADMU) simulations\nSupport Virtual Build Process reviews and managing the issues from the builds\nPromoting usage of Virtual Manufacturing systems in Technical Preparation, developing those systems and their related processes\n\nWe want you to have:\nBE/BTech in Mechanical / Electrical engineering degree or equivalent\nMinimum 5 years of automotive experience from engineering or manufacturing involved in Virtual Manufacturing Activities\nGood understanding of vehicle modules structures in CAB, Chassis and Powertrain areas\nGood knowledge of vehicle development Process\nTechnical competencies:\nPLM system: PTC Windchill\nSimulations systems: PTC CreoView, IPS (Industrial Path Solutions), IC.IDO\nCAD tools: Creo Parametric, Catia V5\nMicrosoft tools: Excel, PowerPoint\n\nManufacturing Engineering competencies:\nAssembly sequence and Optimization\nProduct / Process technical knowledge\nCAD Product documentation\nSafety and Ergonomics Assembly Validation\nTool Selection & Fixture Evaluation Knowledge\n\nEngineering competencies:\nPLM Data management for Manufacturing (eBOM, mBOM, Process Plans)\nVolvo Engineering Database and Product Documentation Management: EDB, KOLA\nVehicle Development Process\nWe also hope that you:\nHave personal interest in technology\nHave an open multi-cultural mind-set\nAre a network builder and have good communication skills\nHave good organizing and negotiation skill\nAre business and customer oriented\nHave ability to take initiatives and lead them\nLocation: Bangalore\nTravel required: occasional\nApplication screening will start immediately; we look forward to receiving your application as soon as possible.\nAbout us\nThe Volvo Group drives prosperity through transport solutions, offering trucks, buses, construction equipment, power solutions for marine and industrial applications, financing and services that increase our customers\u2019 uptime and productivity. Founded in 1927, the Volvo Group is committed to shaping the future landscape of sustainable transport and infrastructure solutions. Countless career opportunities are offered across the group\u2019s leading brands and entities that share a culture of Trust, Passion, High Performance, Change and Customer Success.\nwww.volvogroup.com/career.\nA new era is here. Technologies such as big data, automation and artificial intelligence are changing the way we look at manufacturing and logistics. Volvo Group Trucks Operations is the organization responsible for truck manufacturing and logistics within the Volvo Group and is shaping future industries.\nVolvo Group Trucks Operations encompasses all production of the Group\u2019s engines and transmissions as well as the production of Volvo, Renault and Mack trucks. The organization is also responsible for spare parts supplies to the Group\u2019s customers and for designing, operating and optimizing logistics and supply chains for all brands. Together, Volvo Group Trucks Operations represents 30,000 employees at 30 plants and 50 distribution centers across the globe. Our global industrial footprint offers an opportunity for an international career in a state-of-the-art industrial environment, in which continuous improvement is the foundation. Join our teams as well!\nAuto req ID\n122269BR\nOrganization\nGroup Trucks Operations\nState / Province\nKarnataka\nCity/Town\nBangalore\nEmployment/Assignment Type\nRegular\nTravel Required (maximum)\nOccasional Travel\nFunctional Area\nManufacturing Engineering\nLast application date\n14-Jan-2022", "Salary": "Not given"}, {"URL": "https://in.indeed.com/viewjob?jk=b73bda31c1e8b47b", "Title": "Project Engineer - Mechanical HVAC Design", "Location: ": "Gurgaon, Haryana", "Company Name: ": "AECOM4,653 s", "Details: ": "\nPerforms specific and moderate portions of a broader assignment of an experienced engineer.\nGathers and correlates basic engineering data using established and well-defined procedures.\nWorks on detailed or routine engineering assignments involving calculations and relatively simple tests.\nProposes approach to solve new problems encountered using modifications of standard procedures or methods developed in previous assignements.\nIdentifies discrepancies in results.\nProvides guidance to entry level engineers.\nPerforms work in accordance with agreed upon budget and schedule with little supervision.\nIndependently performs all the tasks necessary to complete primary design\n\nelements for engineering works.\n\n\nPerformance at this level requires developmental experience in a professional position.\n\nMinimum Requirements\n\n+ 6+ years of experience working in HVAC design.\n\n+ A minimum of 4 years of experience in international projects\n\n+ To work for the design of the residential, commercial, retail, and hospitality sectors.\n\n+ Experience in the design of the HVAC (Central cooling plant, chilled water piping distribution, air duct distribution, variable air volume systems, ventilation, DX systems, VRF, etc.)\n\n+ Should be knowledgeable in building design services, associated regulations, and technical standards.\n\n+ Experience in HVAC software (IES, HAP, Trace, and Elite), MEP Revit, Excel, PowerPoint, and Word.\n\n+ Capable of working on own initiative.\n\n+ Effective communication skills.\n\n+ Good attention to detail.\n\nPreferred Qualifications\n\nBachelor Degree in Mechanical Engineering field\n\nWhat We Offer\n\nWe will give you the flexibility you need to do your best work with hybrid work options. Whether you\u2019re working from an AECOM office, remote location or at a client site, you will be working in a dynamic environment where your integrity, entrepreneurial spirit and pioneering mindset are championed.\n\nYou will help us foster a culture of equity, diversity and inclusion \u2013 a safe and respectful workplace, where we invite everyone to bring their whole selves to work using their unique talents, backgrounds and expertise to create transformational outcomes for our clients.\n\nWe will encourage you to grow and develop your career with us through our technical and professional development programs and diverse career opportunities. We believe in leadership at all levels. No matter where you sit in the organization you can make a lasting impact on the projects you work on, the teams and committees you join and our business.\n\nWe offer competitive pay and benefits, well-being programs to support you and your family, and the development resources you need to advance your career.\n\nWhen you join us, you will connect and collaborate with a global network of experts \u2013 planners, designers, engineers, scientists, consultants, program and construction managers \u2013 leading the change toward a more sustainable and equitable future. Join us and let\u2019s get started.\n\nAs an Equal Opportunity Employer, we believe in each person\u2019s potential, and we\u2019ll help you reach yours.", "Salary": "Not given"}]